book_name,authors,publisher,pub_time,desc,score,people_num,price
红楼梦,[清] 曹雪芹 著 ,人民文学出版社, 1996-12 ,都云作者痴，谁解其中味？,9.6,413885, 59.70元
活着,余华 ,作家出版社, 2012-8-1 ,生的苦难与伟大,9.4,806552, 20.00元
1984,[英] 乔治·奥威尔  刘绍铭 ,北京十月文艺出版社, 2010-4-1 ,栗树荫下，我出卖你，你出卖我,9.4,275815, 28.00
三体全集 : 地球往事三部曲,刘慈欣 ,重庆出版社, 2012-1 ,地球往事三部曲,9.5,178124, 168.00元
哈利·波特,J.K.罗琳 (J.K.Rowling)  苏农 ,人民文学出版社, 2008-12-1 ,从9¾站台开始的旅程,9.7,99452, 498.00元
百年孤独,[哥伦比亚] 加西亚·马尔克斯  范晔 ,南海出版公司, 2011-6 ,魔幻现实主义文学代表作,9.3,414705, 39.50元
飘,[美国] 玛格丽特·米切尔  李美华 ,译林出版社, 2000-9 ,革命时期的爱情，随风而逝,9.3,208442, 40.00元
三国演义（全二册）,[明] 罗贯中 ,人民文学出版社, 1998-05 ,是非成败转头空,9.3,164243, 39.50元
房思琪的初恋乐园,林奕含 ,北京联合出版公司, 2018-2 ,向死而生的文学绝唱,9.2,366763, 45.00元
动物农场,[英] 乔治·奥威尔  荣如德 ,上海译文出版社, 2007-3 ,太阳底下并无新事,9.3,154293, 10.00元
福尔摩斯探案全集（上中下）,[英] 阿·柯南道尔  丁钟华 等  群众出版社 ,1981-8, 53.00元,名侦探的代名词,9.3,130422,68.00元
白夜行,[日] 东野圭吾  刘姿君 ,南海出版公司, 2013-1-1 ,一宗离奇命案牵出跨度近20年步步惊心的故事,9.2,458443, 39.50元
小王子,[法] 圣埃克苏佩里  马振聘 ,人民文学出版社, 2003-8 ,献给长成了大人的孩子们,9.1,743060, 22.00元
撒哈拉的故事,三毛 ,哈尔滨出版社, 2003-8 ,游荡的自由灵魂,9.2,167776, 15.80元
安徒生童话故事集,（丹麦）安徒生  叶君健 ,人民文学出版社, 1997-08 ,为了争取未来的一代,9.3,129087, 25.00元
天龙八部,金庸 ,生活·读书·新知三联书店, 1994-5 ,有情皆孽，无人不冤,9.2,130360, 96.00元
呐喊,鲁迅 ,人民文学出版社, 1973-3 ,新文学的第一声呐喊,9.2,155488, 0.36元
悉达多 : 一首印度的诗,[德] 赫尔曼·黑塞  姜乙 ,天津人民出版社, 2017-1 ,,9.3,87156, 32.00元
杀死一只知更鸟,[美] 哈珀·李  高红梅 ,译林出版社, 2012-9 ,有一种东西不能遵循从众原则，那就是——人的良心,9.2,141852, 32.00元
邓小平时代,【美】傅高义 (Ezra.F.Vogel)  冯克利 ,生活·读书·新知三联书店, 2013-1-18 ,个人命运背后的历史变局,9.3,65888, 88.00元
明朝那些事儿（1-9） : 限量版,当年明月 ,中国海关出版社, 2009-4 ,不拘一格的历史书写,9.2,166335, 358.20元
失踪的孩子 : 那不勒斯四部曲4,[意] 埃莱娜·费兰特  陈英 ,人民文学出版社, 2018-7 ,我的整个生命，只是一场为了提升社会地位的低俗斗争。,9.2,76814, 62.00元
新名字的故事 : 那不勒斯四部曲2,[意] 埃莱娜·费兰特  陈英 ,人民文学出版社, 2017-4 ,探索青年时代的激情、困惑、挣扎、背叛和失去,9.2,87339, 59.00元
沉默的大多数 : 王小波杂文随笔全编,王小波 ,中国青年出版社, 1997-10 ,沉默是沉默者的通行证,9.1,147836, 27.00元
野草,鲁迅 ,人民文学出版社, 1973-3 ,我以这一丛野草，在明与暗，生与死，过去与未来之际，献于友与仇，人与兽，爱者与不爱者之前作证。,9.5,44971, 0.20元
中国历代政治得失,钱穆 ,生活·读书·新知三联书店, 2001 ,一部简明的“中国政治制度史”,9.2,69644, 12.00元
局外人,[法] 阿尔贝·加缪  柳鸣九 ,上海译文出版社, 2010-8 ,人生在世，永远也不该演戏作假,9.1,230879, 22.00元
人类简史 : 从动物到上帝,[以色列] 尤瓦尔·赫拉利  林俊宏 ,中信出版社, 2014-11 ,跟着人类一同走过十万年,9.1,194740, 68.00元
平凡的世界（全三部）,路遥 ,人民文学出版社, 2005-1 ,中国当代城乡生活全景,9.0,318950, 64.00元
白鹿原,陈忠实 ,人民文学出版社, 2012-9 ,一轴关于我们民族灵魂的现实主义画卷,9.2,102456, 39.00元
乡土中国,费孝通 ,上海人民出版社, 2006-04-01 ,中国乡土社会传统文化和社会结构理论研究代表作,9.2,85203, 38.00
围城,钱锺书 ,人民文学出版社, 1991-2 ,幽默的语言和对生活深刻的观察,9.0,442104, 19.00
笑傲江湖（全四册）,金庸 ,生活·读书·新知三联书店, 1994-5 ,欲练此功，必先自宫,9.1,109687, 76.80元
罗杰疑案 : 阿加莎·克里斯蒂侦探作品集02,[英] 阿加莎·克里斯蒂  常禾 ,新星出版社, 2013-3 ,,9.2,68256, 28.00元
彷徨,鲁迅 ,人民文学出版社, 1973-3 ,路漫漫其修远兮，吾将上下而求索,9.3,62781, 0.37元
我与地坛 : 史铁生代表作,史铁生 ,春风文艺出版社, 2002-5 ,这是你的罪孽与福祉,9.2,102423, 25.00元
东方快车谋杀案,[英] 阿加莎·克里斯蒂  陈尧光 ,人民文学出版社, 2006-5 ,谋杀诡计惊人，波洛的抉择耐人寻味,9.1,136156, 18.00元
肖申克的救赎,[美] 斯蒂芬·金  施寄青 ,人民文学出版社, 2006-7 ,豆瓣电影Top1原著,9.1,119006, 29.90元
献给阿尔吉侬的花束,[美] 丹尼尔·凯斯  陈澄和 ,广西师范大学出版社, 2015-4 ,当声称能改造智能的科学实验选中心智障碍主角,9.1,99378, 36.00元
基督山伯爵,[法国] 大仲马  周克希 ,上海译文出版社, 1991-12-1 ,一个报恩复仇的故事，以法国波旁王朝和七月王朝为背景,9.1,127149, 43.90元
许三观卖血记,余华 ,作家出版社, 2012-9 ,,9.2,151013, 24.00元
霍乱时期的爱情,[哥伦比亚] 加西亚·马尔克斯  杨玲 ,南海出版公司, 2012-9-1 ,义无反顾地直达爱情的核心,9.0,277929, 39.50元
江城,[美] 彼得·海斯勒  李雪顺 ,上海译文出版社, 2012-1 ,外国人眼中的涪陵,9.1,60654, 36.00元
卡拉马佐夫兄弟,[俄] 陀思妥耶夫斯基  荣如德 ,上海译文出版社, 2015-2-1 ,,9.6,29809, CNY 78.00
城南旧事 : 纪念普及版,林海音 文 ,中国青年出版社, 2003-7 ,长亭外，古道边，芳草碧连天,9.1,152595, 16.00元
万历十五年,[美] 黄仁宇 ,生活·读书·新知三联书店, 1997-5 ,见微知著，历史观的颠覆,9.0,197020, 18.00元
故事新编,鲁迅 ,人民文学出版社, 1973-12-01 ,拾取古代传说，取一点因由，随意点染,9.4,40950, 0.31 元
月亮和六便士,[英] 毛姆  傅惟慈 ,上海译文出版社, 2006-8 ,有多少人会经历顿悟，就有更少的人甘愿自我放逐,9.0,204639, 15.00元
朝花夕拾,鲁迅 ,人民文学出版社, 1973-4 ,在纷扰中寻出一点闲静,9.1,150039, 0.25元
艺术的故事,[英] 贡布里希 (Sir E.H.Gombrich)  范景中 ,广西美术出版社, 2008-04 ,从最早的洞窟绘画到当今的实验艺术,9.5,25422, 280.00
射雕英雄传,金庸 ,生活·读书·新知三联书店, 1999-04 ,侠之大者，为国为民,9.1,83742, 47.00元
追风筝的人,[美] 卡勒德·胡赛尼  李继宏 ,上海人民出版社, 2006-5 ,为你，千千万万遍,8.9,785004, 29.00元
厌女 : 日本的女性嫌恶,上野千鹤子  王兰 ,上海三联书店, 2015-1 ,,9.1,76283, 28.00
置身事内 : 中国政府与经济发展,兰小欢 ,上海人民出版社, 2021-8 ,,9.1,70928, 65.00元
寻路中国 : 从乡村到工厂的自驾之旅,[美] 彼得·海斯勒  李雪顺 ,上海译文出版社, 2011-1 ,《纽约客》驻北京记者驾车漫游中国大陆的经历,9.0,55505, 33.00元
刀锋,[英]毛姆  周煦良 ,上海译文出版社, 2007-3 ,一把刀的锋刃不容易越过；因此智者说得救之道是困难的,9.0,88688, 18.00元
树上的男爵,[意大利]伊塔洛·卡尔维诺  吴正仪 ,译林出版社, 2012-4-1 ,是不是真的只有先与人疏离，才能最终与他们在一起？,9.1,56727, 30.00元
秋园,杨本芬 ,北京联合出版公司, 2020-6 ,,9.0,90989, 38.00元
格林童话全集,[德国]格林兄弟  魏以新 ,人民文学出版社, 1994-11 ,一本有教育意义的书,9.0,93684, 21.45元
中国少年儿童百科全书（全四册）,林崇德 主编 ,浙江教育出版社, 1991-4 ,,9.4,17798, 168.00元
无人生还,[英] 阿加莎・克里斯蒂  祁阿红 ,人民文学出版社, 2008-3 ,童谣杀人案,9.0,145161, 19.00
嫌疑人X的献身,[日] 东野圭吾  刘子倩 ,南海出版公司, 2008-9 ,数学好是一种极致的浪漫,8.9,514982, 28.00
鼠疫,[法] 阿尔贝·加缪  刘方 ,上海译文出版社, 2013-8 ,用别样的监禁生活再现某种监禁生活，与用不存在的事表现真事同等合理,9.1,74373, 34.00元
史记（全十册） : （全十册）,司马迁  （索隐）司马贞，（正义）张守节 ,中华书局, 1982-11 ,史家之绝唱，无韵之离骚,9.5,24198, 125.00
黄金时代 : 时代三部曲,王小波 ,花城出版社, 1999-3 ,我想爱，想吃，还想在一瞬间变成天上半明半暗的云,8.9,163746, 19.00元
傲慢与偏见,[英] 奥斯丁  张玲 ,人民文学出版社, 1993-7 ,所有现代言情小说的母体,8.9,229980, 13.00元
西游记（全二册）,吴承恩  黄肃秋 注释 ,人民文学出版社, 2004-8 ,神魔皆有人情，精魅亦通世故,9.0,85610, 47.20元
始于极限 : 女性主义往复书简,[日] 上野千鹤子  曹逸冰 ,新星出版社, 2022-9-20 ,,9.1,63560, 59
悲惨世界（上中下）,[法] 雨果  李丹 ,人民文学出版社, 1992-6 ,现实主义与浪漫主义的至高杰作,9.0,62816, 66.00元
台北人,白先勇 ,广西师范大学出版社, 2010-10 ,白先勇短篇小说集,9.0,70188, 38.00元
诗经,孔丘 编订 ,北京出版社, 2006-7 ,思无邪,9.5,28024, 19.90元
永恒的终结 : 关于时间旅行的终极奥秘和恢宏构想,[美] 艾萨克·阿西莫夫  崔正男 ,江苏凤凰文艺出版社, 2014-9 ,关于时间旅行的终极奥秘和恢宏构想,9.1,45007, 32.00元
上帝掷骰子吗 : 量子物理史话,曹天元 ,辽宁教育出版社, 2006-1 ,量子物理史话,9.2,33976, 32.00元
孽子,白先勇 ,广西师范大学出版社, 2010.10 ,写给那一群， 在最深最深的黑夜里， 独自彷徨街头， 无所依归的孩子们,9.2,44474, 46.00元
神雕侠侣,金庸  有1996年11月北平第4次印本 ,生活·读书·新知三联书店, 1994-5 ,至情至性，情大于武,8.9,99540, 76.80元
历史深处的忧虑 : 近距离看美国之一,林达 ,生活·读书·新知三联书店, 1997-5 ,窥见美国社会的一扇窗,9.0,45143, 19.00元
刘擎西方现代思想讲义,刘擎 ,新星出版社, 2021-1 ,,9.2,33433, 79.00元
可能性的艺术 : 比较政治学30讲,刘瑜 ,广西师范大学出版社, 2022-4 ,,9.1,36630, 82.00元
一个叫欧维的男人决定去死,[瑞典] 弗雷德里克·巴克曼  宁蒙 ,四川文艺出版社, 2015-12 ,这个发生在瑞典的故事，如生命庆典般绚丽斑斓,9.1,64850, 35.00元
唐诗三百首,蘅塘退士 ,中华书局, 1984-07-01 ,熟读唐诗三百首，不会吟诗也会吟,9.4,26136, 0.65
美丽新世界,【英】奥尔德斯·赫胥黎  陈超 ,上海译文出版社, 2017-6 ,,9.2,52531, 45.00元
哭泣的骆驼,三毛 ,哈尔滨出版社, 2003-6 ,沙漠中寻常的生与死,9.0,56669, 15.80元
文学回忆录 : 1989—1994,木心 口述 ,广西师范大学出版社, 2013-1-10 ,木心留给世界的礼物,9.1,43671, 98.00元
灿烂千阳,[美] 卡勒德·胡赛尼  李继宏 ,上海人民出版社, 2007-9 ,唯有希望与爱可以驱散阴霾,8.9,119868, 28.00元
美的历程,李泽厚 ,生活·读书·新知三联书店, 2009-7 ,中国美学经典之作,9.2,31007, 43.00元
最好的告别 : 关于衰老与死亡，你必须知道的常识,[美] 阿图·葛文德（Atul Gawande）  王一方 主编 ,浙江人民出版社, 2015-7-31 ,关于衰老与死亡，你必须知道的常识,9.0,48817, 54.90元
四世同堂,老舍 ,北京十月文艺出版社, 2008-07 ,北平沦陷时代广大平民的悲惨遭遇,9.4,37856, 36.00元
窗边的小豆豆,[日] 黑柳彻子 著  赵玉皎 ,南海出版公司, 2003-1 ,真正懂孩子的教育经,8.8,207476, 20.00元
人间词话,王国维 ,上海古籍出版社, 1998-12 ,以新眼光评旧文学,9.0,54318, 9.80元
道德经,黄元吉 ,陕西人民出版社, 1996-10 ,中国历史上首部完整的哲学著作,9.5,19821, 4.50元
呼兰河传 : 1947年版本・原版珍藏,萧红 ,百花文艺出版社, 2005-01 ,萧红的童年往事,9.0,82125, 19.00
冬牧场,李娟 ,新星出版社, 2012-6 ,阿勒泰的精灵,9.1,36254, 29.80元
看见,柴静 ,广西师范大学出版社, 2013-1-1 ,在这里看见中国,8.8,334084, 39.80元
绝叫,[日] 叶真中显  林佩瑾 ,北京联合出版公司, 2020-7 ,,8.9,93423, 58.00元
浪潮之巅,吴军 ,电子工业出版社, 2011-8 ,了解IT领域的入门读物,9.0,33222, 55.00元
罪与罚,[俄] 陀思妥耶夫斯基  岳麟 ,上海译文出版社, 2006-8 ,描绘人内心的全部深度,9.3,33943, 23.00元
棋王·树王·孩子王 : 阿城文集 之一,阿城 ,江苏凤凰文艺出版社, 2016-3-1 ,,9.3,26504, 58.00
离开的，留下的 : 那不勒斯四部曲3,[意] 埃莱娜·费兰特  陈英 ,人民文学出版社, 2017-10 ,探索中年的虚无、困惑、野心和近乎残暴的爱,8.9,71110, 62.00元
也许你该找个人聊聊,[美]洛莉·戈特利布  果麦文化,上海文化出版社, 2021-7-28 ,,9.0,45321, 68.00元
爱你就像爱生命,王小波 ,上海锦绣文章出版社, 2008-5 ,王小波与李银河的两地书,8.8,113268, 18.00元
叫魂 : 1768年中国妖术大恐慌,[美] 孔飞力  陈兼 ,生活·读书·新知三联书店 上海三联书店, 2012-5 ,1768年中国妖术大恐慌,9.1,29915, 38.00元
我们仨,杨绛 ,生活·读书·新知三联书店, 2012-9 ,,9.1,44548, 23.00元
失明症漫记,[葡] 若泽·萨拉马戈  范维信 ,南海出版公司, 2014-2 ,失明症迅速蔓延，整个城市陷入一场空前的灾难,9.1,35948, 29.50
毛泽东选集 第一卷,毛泽东 ,人民出版社, 1991-6 ,,9.6,26428, 40.00元
人生的枷锁,[英] 毛姆  张柏然 ,上海译文出版社, 2007-3 ,在混沌纷扰的生活漩流中，寻求人生的真谛,9.1,30129, 32.00元
巨人的陨落 : 世纪三部曲,[英] 肯·福莱特  于大卫 ,江苏凤凰文艺出版社, 2016-5-1 ,五个家族，一场战争,8.9,84012, CNY 129.80
看不见的城市,[意] 伊塔洛·卡尔维诺  张密 ,译林出版社, 2012-4 ,,9.0,35618, 25.00元
教父,[美]马里奥·普佐  周汉林 ,译林出版社, 1997-8 ,“教父三部曲”电影原著,9.0,39982, 23.30元
人生的智慧,(德)叔本华  韦启昌 ,上海人民出版社, 2008-10-01 ,对世俗、实用问题深刻而透彻的讨论,9.2,31748, 28.00元
海子的诗,海子 ,人民文学出版社, 1999-04 ,,9.0,45437, 15.40
受戒 : 汪曾祺自选集,汪曾祺 ,漓江出版社, 1987-10 ,江南乡镇民间生活，健康淳朴的人性,9.4,25636, 3.95元
飞鸟集,[印] 罗宾德拉纳德·泰戈尔  徐翰林 ,哈尔滨出版社, 2004-6 ,一个淡泊清透的世界,8.9,65131, 16.80元
桶川跟踪狂杀人事件,[日] 清水洁  王华懋 ,四川人民出版社, 2021-2 ,,9.0,44319, 45.00元
太白金星有点烦,马伯庸 ,湖南文艺出版社, 2023-6 ,,9.0,39190, 45.00
斯通纳,[美] 约翰·威廉斯  杨向荣 ,上海人民出版社, 2016-1 ,即使不能拥有完美的生活，所幸追求过完整的自我,8.8,62110, 49.00元
鹿鼎记,金庸 ,广州出版社 花城出版社, 2008-3 ,武侠的解构，流氓的狂欢,8.9,55042, 108.00元
少年凯歌,,人民文学出版社, 2001-6 ,,9.4,16937, 10.00元
陆犯焉识,严歌苓 ,作家出版社, 2011-10 ,翻手为苍凉，覆手为繁华,8.9,56514, 35.00元
梦里花落知多少,三毛 ,北京十月文艺出版社, 2007-6 ,哀而不伤,8.8,96679, 28.00元
茶馆,老舍 ,人民文学出版社, 2002-1 ,清末、民初、抗战胜利以后三个历史时期的北京生活风貌,9.2,31800, 9.80元
克莱因壶,[日] 冈岛二人  张舟 ,化学工业出版社, 2019-9 ,,8.9,61913, 48.00元
边城,沈从文 ,北岳文艺出版社, 2002-4 ,一切充满了善，然而到处是不凑巧,8.7,226400, 12.00元
十万个为什么,,少年儿童出版社, 1962 ,,9.2,19062, 30.00元
时间简史 : 插图本,[英] 史蒂芬·霍金  许明贤 ,湖南科学技术出版社, 2010-4 ,探索时间和空间的核心秘密,8.9,61448, 45.00元
王尔德童话,[英] 王尔德  王林 ,译林出版社, 2003-6 ,一颗纯美纯善、永难泯灭的童心,9.1,23498, 6.00元
金色梦乡,[日] 伊坂幸太郎  李彦桦 ,译林出版社, 2010-9 ,伊坂幸太郎代表作,9.0,29638, 35.00元
这些人，那些事,吴念真 ,译林出版社, 2011-9 ,平淡叙述下的惊心动魄,8.8,66504, 28.00元
遥远的向日葵地,李娟 ,花城出版社, 2017-11 ,,9.1,28991, 38.00元
面纱,[英] 威廉·萨默塞特·毛姆  于大卫 ,江西人民出版社, 2016-4-1 ,,9.0,35413, 39.8元
人间草木,汪曾祺 ,江苏文艺出版社, 2005-01 ,我就是要这样香，香得痛痛快快,9.2,30900, 20.00元
小径分岔的花园,[阿根廷] 豪·路·博尔赫斯  王永年 ,上海译文出版社, 2015-7 ,一个谜语，谜底正是时间,8.9,44031, 23.00
昨日的世界 : 一个欧洲人的回忆,[奥] 斯蒂芬·茨威格  舒昌善 ,广西师范大学出版社, 2004-5-1 ,一个高贵而残破的昨日镜像,9.2,14344, 32.00元
你当像鸟飞往你的山,塔拉·韦斯特弗  任爱红 ,南海出版公司, 2019-10 ,我来自一个极少有人能想象的家庭，教育给了我新世界,8.7,178377, 59.00元
13 67 : 陳浩基作品2,陳浩基 ,皇冠文化出版有限公司, 2014-6-9 ,,9.1,20114, NT$350
绿毛水怪,王小波 ,时代文艺出版社, 2009-1 ,我们好象在池塘的水底，从一个月亮走向另一个月亮,9.1,24273, 30.00元
故事 : 材质·结构·风格和银幕剧作的原理,[美] 罗伯特·麦基  周铁东 ,天津人民出版社, 2014-9 ,材质、结构、风格和银幕剧作的原理,9.2,18698, 68.00元
海的女儿,安徒生  叶君健 ,上海译文出版社, 1978年6月 ,,9.1,23373, 0.43
國史大綱（上下）,錢穆 ,商务印书馆, 2013-8 ,钱穆中国通史,9.4,15928, 76.00元
经济学原理（上下）,[美] 曼昆  梁小民 ,机械工业出版社, 2003-8 ,经济学家们的世界观,9.1,21814, 88.00元
一间只属于自己的房间,[英] 弗吉尼亚·伍尔夫  周颖琪 ,天津人民出版社, 2019-10 ,,9.2,22719, 45.00元
我的天才女友 : 那不勒斯四部曲1,[意] 埃莱娜·费兰特  陈英 ,人民文学出版社, 2017-1 ,“那不勒斯四部曲”第一部，两个女人，50年的友谊和战争,8.7,108656, 42.00元
长日将尽,[英] 石黑一雄  冯涛 ,上海译文出版社, 2018-5 ,,8.9,34668, 48
西线无战事,[德] 埃里希·玛丽亚·雷马克  姜乙 ,上海文艺出版社, 2021-1 ,,9.5,17198, 49
一句顶一万句,刘震云 ,长江文艺出版社, 2009-3 ,一句胜过千年,8.8,76466, 29.80
阿勒泰的角落,李娟 ,万卷出版公司, 2010-6 ,白雪和阳光，青草和白桦林,9.1,20500, 25.00元
全球通史(上) : 从史前史到21世纪,[美]斯塔夫里阿诺斯  吴象婴 ,北京大学出版社, 2006-1-10 ,,9.2,18286, 42.00
鹿川有许多粪,李沧东  春喜 ,武汉大学出版社, 2021-8 ,,8.9,30633, 58.00元
一个陌生女人的来信,[奥] 斯蒂芬·茨威格  张玉书 ,上海译文出版社, 2007-7 ,暗恋的极致,8.7,143953, 20.00元
万水千山走遍,三毛 ,哈尔滨出版社, 2003-08 ,从遥远的撒哈拉到敦煌戈壁,8.9,45436, 13.80
苏菲的世界,[挪] 乔斯坦·贾德  萧宝森 ,作家出版社, 2007-10 ,哲学启蒙书,8.8,57344, 26.00元
温柔的夜,三毛 ,北京十月文艺出版社, 2007-5 ,三毛在加纳利群岛的生活,9.1,23189, 28.00元
爱的艺术,[美] 艾·弗洛姆  李健鸣 ,上海译文出版社, 2008-4 ,谦恭地、勇敢地、真诚地和有纪律地爱他人,8.8,47581, 15.00元
强风吹拂,三浦紫苑  林佩瑾 ,广西师范大学出版社, 2015-1-1 ,明明这么痛苦，这么难过，为什么就是不能放弃跑步？,9.0,25694, 39.00元
筚路维艰 : 中国社会主义路径的五次选择,萧冬连 ,社会科学文献出版社, 2014-10-1 ,,9.5,12108, 45.00元
史蒂夫·乔布斯传,[美] 沃尔特·艾萨克森  管延圻 ,中信出版社, 2011-10-24 ,完美主义者的最高形态,8.7,60076, 68.00元
德米安 : 埃米尔·辛克莱的彷徨少年时,[德] 赫尔曼·黑塞  丁君君 ,上海人民出版社, 2009-3 ,少年辛克莱寻找通向自身之路的艰辛历程,8.9,35895, 25.00元
霸王别姬,李碧华 ,人民文学出版社, 1999-1 ,人间，只是抹去了脂粉的脸,9.1,21938, 10.20元
2001：太空漫游 : 《太空漫游四部曲》第1部,[英] 阿瑟·克拉克  郝明义 ,上海文艺出版社, 2019-5-10 ,,9.3,20461, 62.00元
亮剑,都梁 ,解放军文艺出版社, 2005-3 ,面对强大的对手，明知不敌，也要毅然亮剑,9.0,30177, 28.00元
我不知道该说什么，关于死亡还是爱情 : 来自切尔诺贝利的声音,[白俄] S·A·阿列克谢耶维奇  方祖芳 ,花城出版社, 2014-6-15 ,真实记录切尔诺贝利核灾难事件,9.1,19782, 34.80元
安娜·卡列尼娜,[俄] 列夫·托尔斯泰  草婴 ,上海文艺出版社, 2007-8 ,,9.2,27815, 37.00元
我的阿勒泰,李娟 ,云南人民出版社, 2010-7 ,描写疆北阿勒泰地区生活和风情的原生态散文集,8.9,27257, 22.00元
球状闪电,刘慈欣 ,四川科学技术出版社, 2005-6 ,量子之外，没有真相,8.7,85545, 22.00元
古文观止,吴楚材 ,中华书局, 1987-1-1 ,收录自先秦至明末的散文二百二十二篇,9.1,18767, 21.00元
平面国 : 多维空间传奇往事,埃德温·A·艾勃特  鲁冬旭 ,上海文化出版社, 2020-8 ,,9.2,17216, 39.80元
草房子,曹文轩 ,江苏少年儿童出版社, 2009-6 ,男孩桑桑刻骨铭心、终身难忘的六年小学生活,9.0,50963, 18.00元
流俗地,【马来西亚】黎紫书 ,北京十月文艺出版社, 2021-4-1 ,,9.2,16263, 55
不能承受的生命之轻 : 中文全译本百万纪念版,米兰·昆德拉  许钧 ,上海译文出版社, 2010-8 ,,8.8,45999, 29.00元
恶意,[日] 东野圭吾  娄美莲 ,南海出版公司, 2016-11 ,,8.7,119291, 39.50元
地下室手记,(俄罗斯) 陀思妥耶夫斯基  曾思艺 ,浙江文艺出版社, 2020-5 ,,9.3,19808, 39.8
南京大屠杀 : 第二次世界大战中被遗忘的大浩劫,[美]张纯如（Iris Chang）  谭春霞 ,中信出版社, 2015-8 ,,9.7,15299, 49.00元
半生缘 : 张爱玲全集04——小说,张爱玲 ,北京十月文艺出版社, 2012-6-1 ,,9.1,29742, 29.60元
麦琪的礼物 : 欧·亨利短篇小说经典,[美] 欧·亨利  张经浩 ,上海社会科学院出版社, 2003-7 ,日常的奇迹,8.7,74811, 25.00元
额尔古纳河右岸,迟子建 ,北京十月文艺出版社, 2005-12 ,东北少数民族鄂温克人生存现状及百年沧桑,9.0,25954, 29.00元
冰与火之歌 : （1-5卷：权力的游戏、列王的纷争、冰雨的风暴、群鸦的盛宴、魔龙的狂,[美]乔治·R.R.马丁  谭光磊 ,重庆出版社, 2013-10-1 ,乔治·R·R·马丁史诗奇幻小说,9.5,17847, 330.00元
我也有一个梦想 : 近距离看美国之三,林达 ,生活·读书·新知三联书店, 2004-08 ,在法治国家里，民众怎样运用法律,9.0,15820, 25.00元
社会心理学 : （第8版）,[美] 戴维·迈尔斯  张智勇 ,人民邮电出版社, 2006-1 ,人们是如何思索、影响他人并与他人建立联系的,9.0,26538, 68.00元
檀香刑,莫言 ,浙江文艺出版社, 2017-1 ,,9.3,27318, 56.00元
海风中失落的血色馈赠,[加拿大] 阿利斯泰尔·麦克劳德  陈以侃 ,上海文艺出版社, 2015-6-1 ,男女之间、父母与子女之间紧密的纽带和难以逾越的鸿沟,9.0,20014, CNY 20.00
激荡三十年（上） : 中国企业1978-2008,吴晓波 ,中信出版社 浙江人民出版社, 2007-1 ,这是一个最好的时代，也是一个最坏的时代,8.8,31624, 35.00
倾城之恋,张爱玲 ,北京十月文艺出版社, 2006-12 ,“一对平凡的夫妻”之间的“一点真心”,8.7,51029, 29.80元
天朝的崩溃 : 鸦片战争再研究,茅海建 ,生活·读书·新知三联书店, 2005-7 ,鸦片战争再研究,9.1,14827, 32.00元
翦商 : 殷周之变与华夏新生,李硕 ,广西师范大学出版社, 2022-10 ,,9.0,21723, 99.00元
天生有罪 : 特雷弗·诺亚的变色人生,[南非] 特雷弗·诺亚  董帅 ,北京联合出版公司, 2018-2-1 ,,9.1,19287, 58.00
一桩事先张扬的凶杀案,[哥伦比亚] 加西亚·马尔克斯  魏然 ,南海出版公司, 2013-6 ,我如此急切地想要讲述这桩案件，也许是它最终确定了我的作家生涯,8.7,48423, 25.00元
万物有灵且美,[英] 吉米·哈利  种衍伦 ,中国城市出版社, 2010-1 ,活泼的生命完全无须借助魔法，便能对我们述说至美至真的故事,8.9,22773, 28.80
亲密关系（第6版）,[美] 罗兰·米勒 (Rowland S. Miller)  王伟平 译 ,人民邮电出版社, 2015-6 ,,9.3,23904, 138.00元
浮生六记,（清）沈复 ,人民文学出版社, 1999-1 ,苟不记之笔墨，未免有辜彼苍之厚,8.7,69520, 38
情书,[日] 岩井俊二  穆晓芳 ,天津人民出版社, 2004-7 ,一场同名同姓的误会，两段可贵的爱情,8.6,106099, 18.00元
倚天屠龙记,金庸 ,生活·读书·新知三联书店, 1999-04 ,不识张郎是张郎,8.7,60881, 47.00
送你一颗子弹,刘瑜 ,上海三联书店, 2010-1 ,在这本书里，被“审视”的东西杂七杂八,8.6,142691, 25.00元
孩子你慢慢来,龙应台 ,生活·读书·新知三联书店, 2009-12-1 ,我们现在怎样做母亲,8.7,78909, 28.00元
九州·缥缈录,江南 ,新世界出版社, 2005-6 ,乱世的英雄史诗,8.8,31460, 20.00元
理想国,[古希腊] 柏拉图  郭斌和 ,商务印书馆, 1986-8 ,人类历史上最早的乌托邦,8.8,36009, 28.00元
渴望生活 : 梵高传,[美] 欧文·斯通  常涛 ,北京十月文艺出版社, 2008-4 ,梵高悲惨而成就辉煌的人生,9.2,11656, 29.80元
东晋门阀政治,田余庆 ,北京大学出版社, 2012-5 ,,9.5,11764, 49.00元
罗生门,[日] 芥川龙之介  林少华 ,上海译文出版社, 2008-7 ,人生，远比地狱更像地狱,8.7,68912, 12.00元
尼罗河上的惨案,[英] 阿加莎·克里斯蒂  宫英海 ,人民文学出版社, 2006-5 ,阿加莎·克里斯蒂代表作,8.7,48887, 22.00元
雨季不再来,三毛 ,北京十月文艺出版社, 2007-7 ,三毛少女时代的成长感受,8.8,54461, 28.00元
荒原狼,[德]赫尔曼·黑塞  赵登荣 ,上海译文出版社, 2008-7 ,“超现实主义”风格作品，德国的《尤利西斯》,9.0,22573, 13.00
雷雨,曹禺 ,人民文学出版社, 1999-05 ,一幕人生大悲剧，在一个雷雨夜爆发,8.7,77812, 9.20
最好的我们,八月长安 ,湖南文艺出版社, 2013-8-5 ,耿耿余淮,8.8,71625, 55
雕刻时光,[苏] 安德烈·塔可夫斯基  张晓东 ,南海出版公司, 2016-5 ,,9.5,8548, 45.00元
孙子兵法,孙武  郭化若 ,上海古籍出版社, 2006-7 ,我国最古老最杰出的一部兵书,9.4,13132, 20.00元
野火集 : 二十年纪念版,龙应台 ,文汇出版社, 2005-8 ,中国人，你为什么不生气,8.8,34959, 25.00元
当呼吸化为空气,[美] 保罗·卡拉尼什  何雨珈 ,浙江文艺出版社, 2016-12 ,你在死亡中探究生命的意义，你见证生前的呼吸化作死后的空气,8.9,28188, 48.00元
一千零一夜,纳训 ,人民文学出版社, 2003-01 ,阿拉伯地区的古代民间传说,8.7,58217, 22.00
论语,刘胜利 ,中华书局, 2006-12 ,仁远乎哉？我欲仁，斯仁至矣,9.1,23356, 9.80元
从零开始的女性主义,[日本] 上野千鹤子  吕灵芝 ,北京联合出版公司, 2021-9 ,,8.7,63554, 52.00元
水浒传（全二册）,[明] 施耐庵 ,人民文学出版社, 1997-1 ,替天行道,8.7,76341, 50.60元
你好，旧时光（上 下）,八月长安 ,新世界出版社, 2009-12 ,原作名切题,8.7,48652, 39.80元
你一生的故事 : 特德·姜科幻小说集,[美] 特德·姜  李克勤 ,译林出版社, 2015-5 ,特德·姜科幻小说集,8.8,35303, 36.00元
银河系漫游指南,[英] 道格拉斯·亚当斯  徐百柯 ,四川科学技术出版社, 2005-6 ,一场穿越银河的冒险,8.8,22078, 16.00元
银河帝国：基地七部曲 : 百万册纪念版,[美] 艾萨克·阿西莫夫  叶李华 ,江苏凤凰文艺出版社, 2015-10-1 ,阿西莫夫经典科幻小说,9.5,14955, 328.00元
庄子,孙通海 译注  方勇 译注 ,中华书局, 2007-04 ,野马也，尘埃也，生物之以息相吹也,9.4,11514, 20.00元
不存在的骑士,[意] 伊塔洛·卡尔维诺  吴正仪 ,译林出版社, 2012-4 ,,8.9,23140, 22.00元
在细雨中呼喊,余华 ,作家出版社, 2012-11-1 ,,8.8,64558, 25.00元
生死疲劳,莫言 ,浙江文艺出版社, 2022-1 ,,9.1,31172, 69.90
现代艺术150年 : 一个未完成的故事,[英] 威尔·贡培兹  王烁 ,广西师范大学出版社, 2017-3 ,,9.2,14225, 65.00元
二手时间,[白俄] S. A. 阿列克谢耶维奇  吕宁思 ,中信出版社, 2016-1 ,用最为细小的马赛克拼出了一幅完整的后苏联时代图景,8.9,23965, 55.00元
显微镜下的大明,马伯庸 ,湖南文艺出版社, 2019-1 ,,8.7,40539, 52.00元
骆驼祥子,老舍 ,人民文学出版社, 2000-3-1 ,旧中国老北京贫苦市民的典型命运,8.6,204343, 12.00
枪炮、病菌与钢铁 : 人类社会的命运,[美] 贾雷德·戴蒙德  谢延光 ,上海译文出版社, 2006-4-1 ,人类社会的命运,8.7,50337, 45.00元
解忧杂货店,[日] 东野圭吾  李盈春 ,南海出版公司, 2014-5 ,现代人内心流失的东西，这家杂货店能帮你找回,8.5,752001, 39.50元
象棋的故事,[奥] 斯蒂芬·茨威格  张玉书 ,上海译文出版社, 2007-7 ,纳粹法西斯对人心灵的折磨及摧残,9.1,12695, 23.00元
顾城的诗,顾城 ,人民文学出版社, 1998-12 ,火焰是我们诗歌唯一的读者,8.8,26009, 20.00
会饮篇,[古希腊] 柏拉图  王太庆 ,商务印书馆, 2013-1 ,,9.3,11008, 12.00元
众病之王 : 癌症传,[美] 悉达多·穆克吉  李虎 ,中信出版社, 2013-2 ,癌症传,9.0,12983, 42.00元
火星救援,[美]安迪•威尔  陈灼 ,译林出版社, 2015-10 ,跟火星来一场不是你死就是我活的过家家游戏,8.9,19457, 38.00
父权制与资本主义,[日] 上野千鹤子  邹韵 ,浙江大学出版社, 2020-3 ,,9.2,16503, 58.00元
上学记,何兆武 口述 ,生活·读书·新知三联书店, 2006-8 ,20世纪中国知识分子的心灵史,8.9,14001, 19.80元
总统是靠不住的 : 近距离看美国之二,林达 ,生活·读书·新知三联书店, 2004-08 ,美国政治法律制度的基本原理和操作细节,8.8,20808, 21.80
李光耀观天下,李光耀 ,北京大学出版社, 2015-6 ,,9.2,11849, 58.00元
毛姆短篇小说精选集,[英] 威廉·萨默塞特·毛姆  冯亦代 ,译林出版社, 2012-11 ,在各种光怪陆离的场景中，迷失的人性引发了一连串的悲剧,9.1,12445, 36.00元
目送,龙应台 ,生活·读书·新知三联书店, 2009-10 ,不必追,8.6,210667, 39.00元
规训与惩罚 : 监狱的诞生,[法] 米歇尔·福柯  刘北成 ,生活·读书·新知三联书店, 2003-1 ,伴随着惩罚的人性化，自由反而日益丧失了,9.3,10528, 21.80元
亲爱的安德烈,龙应台 ,人民文学出版社, 2008-12 ,弭平代沟，跨越文化阻隔,8.6,121023, 26.00
时间的秩序,[意] 卡洛·罗韦利  杨光 ,湖南科学技术出版社, 2019-6 ,,8.9,21305, 56.00元
金锁记,张爱玲 ,哈尔滨出版社, 2005-6 ,一个小商人家庭出身的女子曹七巧的心灵变迁历程,8.6,61948, 13.5元
从一到无穷大 : 科学中的事实和臆测,[美] G. 伽莫夫  暴永宁 译 ,科学出版社, 2002-11 ,科学中的事实和臆测,9.1,13875, 29.00元
认识电影 : 插图第11版,[美] 路易斯·贾内梯  焦雄屏 ,世界图书出版公司, 2007-11 ,电影入门经典之作,8.9,18370, 68.00元
分成两半的子爵,[意] 伊塔洛·卡尔维诺  吴正仪 ,译林出版社, 2012-4-1 ,,8.8,26353, 20.00元
帷幕 : 阿加莎·克里斯蒂侦探作品集33,[英] 阿加莎·克里斯蒂  李杨 ,新星出版社, 2015-2 ,,9.1,14610, 26.00
跨越边界的社区（修订版） : 北京“浙江村”的生活史,项飙 ,生活·读书·新知三联书店, 2018-3 ,,9.5,9005, 68.00元
坟,鲁迅 ,人民文学出版社, 2006-12 ,,9.6,11445, 16.00元
中国哲学简史,冯友兰  赵复三 ,新世界出版社, 2004-1 ,中国哲学入门书,8.9,19942, 38.00元
青铜时代 : 时代三部曲,王小波 ,花城出版社, 1997-5 ,唐人传奇贯注现代情趣,8.8,26772, 29.00元
荆棘鸟,[澳] 考琳·麦卡洛  曾胡 ,译林出版社, 1998-7 ,澳洲乱世情,8.6,51943, 28.00元
黑箱：日本之耻,[日]伊藤诗织  匡匡  雅众文化,中信出版集团, 2019-4 ,,8.9,22009, 48.00元
如父如子,[日] 是枝裕和  丹勇 ,湖南文艺出版社, 2018-4 ,,8.9,26333, 49.80
